source,target
"as a child , i won a national spelling bee . # i have been published in the new yorker magazine . # i am a gourmet cook . # i have perfect pitch . CC  SS 
","hi , how are you doing today ?#hi , how are you today ?#hi , how are you doing ?
"
"i am very athletic . # i wear contacts . # i have brown hair . # i love bicycling . # i hate carrots . CC  SS hi ! i work as a gourmet cook . # 
","i am a chef .#i am a chef . i am a lot .#i am a chef . i love to cook .
"
"as a child , i won a national spelling bee . # i have been published in the new yorker magazine . # i am a gourmet cook . # i have perfect pitch . CC  SS hi ! i work as a gourmet cook . # i do not like carrots . i throw them away . # 
","i do not like carrots .#i do not like carrots either . .#i do not like carrots either .
"
"i am very athletic . # i wear contacts . # i have brown hair . # i love bicycling . # i hate carrots . CC  SS hi ! i work as a gourmet cook . # i do not like carrots . i throw them away . # really . but , i can sing pitch perfect . # 
","i am a very athletic person .#i am a very athletic person . i love to play sports .#i am a very athletic person . i love to run .
"
"as a child , i won a national spelling bee . # i have been published in the new yorker magazine . # i am a gourmet cook . # i have perfect pitch . CC  SS hi ! i work as a gourmet cook . # i do not like carrots . i throw them away . # really . but , i can sing pitch perfect . # i also cook , and i ride my bike to work . # 
","that is cool . i love to ride my bike to work .#that is cool . i love to ride my bike .#that is cool . i love to ride my bike to work
"
"i am very athletic . # i wear contacts . # i have brown hair . # i love bicycling . # i hate carrots . CC  SS hi ! i work as a gourmet cook . # i do not like carrots . i throw them away . # really . but , i can sing pitch perfect . # i also cook , and i ride my bike to work . # great ! i had won an award for spelling bee . # 
","i am very athletic .#i am very athletic , but i do not have a spelling bee .#i am very athletic , but i do not have a spelling bee award .
"
"as a child , i won a national spelling bee . # i have been published in the new yorker magazine . # i am a gourmet cook . # i have perfect pitch . CC  SS hi ! i work as a gourmet cook . # i do not like carrots . i throw them away . # really . but , i can sing pitch perfect . # i also cook , and i ride my bike to work . # great ! i had won an award for spelling bee . # my contacts can see through what you are trying to sell me . # 
","i have been published in a new yorker magazine .#i have been published in a new yorker .#i have been published in a new yorker magazine ! !
"
"i am very athletic . # i wear contacts . # i have brown hair . # i love bicycling . # i hate carrots . CC  SS hi ! i work as a gourmet cook . # i do not like carrots . i throw them away . # really . but , i can sing pitch perfect . # i also cook , and i ride my bike to work . # great ! i had won an award for spelling bee . # my contacts can see through what you are trying to sell me . # okay but i was published in new yorker once # 
","i have never heard of it .#i have never heard of that .#i have never heard of that . i am your name ?
"
"as a child , i won a national spelling bee . # i have been published in the new yorker magazine . # i am a gourmet cook . # i have perfect pitch . CC  SS hi ! i work as a gourmet cook . # i do not like carrots . i throw them away . # really . but , i can sing pitch perfect . # i also cook , and i ride my bike to work . # great ! i had won an award for spelling bee . # my contacts can see through what you are trying to sell me . # okay but i was published in new yorker once # you better not make any spelling mistakes . # 
","i am not a spelling bee champion .#i am not a spelling bee winner .#i am not a spelling bee champion
"
"i am very athletic . # i wear contacts . # i have brown hair . # i love bicycling . # i hate carrots . CC  SS hi ! i work as a gourmet cook . # i do not like carrots . i throw them away . # really . but , i can sing pitch perfect . # i also cook , and i ride my bike to work . # great ! i had won an award for spelling bee . # my contacts can see through what you are trying to sell me . # okay but i was published in new yorker once # you better not make any spelling mistakes . # i have not . i can cook any word you want me to # 
","i am not sure what you are talking about .#i am not sure what you are talking about . i am a lot of cooking .#i am not sure what you are talking about . i am not sure .
"
"as a child , i won a national spelling bee . # i have been published in the new yorker magazine . # i am a gourmet cook . # i have perfect pitch . CC  SS hi ! i work as a gourmet cook . # i do not like carrots . i throw them away . # really . but , i can sing pitch perfect . # i also cook , and i ride my bike to work . # great ! i had won an award for spelling bee . # my contacts can see through what you are trying to sell me . # okay but i was published in new yorker once # you better not make any spelling mistakes . # i have not . i can cook any word you want me to # what is your ethnicity ? i am white , and my hair is brown . # 
","i am from california .#i am not sure .#i am from california
"
"i am very athletic . # i wear contacts . # i have brown hair . # i love bicycling . # i hate carrots . CC  SS hi ! i work as a gourmet cook . # i do not like carrots . i throw them away . # really . but , i can sing pitch perfect . # i also cook , and i ride my bike to work . # great ! i had won an award for spelling bee . # my contacts can see through what you are trying to sell me . # okay but i was published in new yorker once # you better not make any spelling mistakes . # i have not . i can cook any word you want me to # what is your ethnicity ? i am white , and my hair is brown . # i am asian and have no hair . # 
","i am not sure what you mean by asian .#i am not sure what you mean .#i am not sure what you mean by asian ?
"
"as a child , i won a national spelling bee . # i have been published in the new yorker magazine . # i am a gourmet cook . # i have perfect pitch . CC  SS hi ! i work as a gourmet cook . # i do not like carrots . i throw them away . # really . but , i can sing pitch perfect . # i also cook , and i ride my bike to work . # great ! i had won an award for spelling bee . # my contacts can see through what you are trying to sell me . # okay but i was published in new yorker once # you better not make any spelling mistakes . # i have not . i can cook any word you want me to # what is your ethnicity ? i am white , and my hair is brown . # i am asian and have no hair . # i love hairless asians . do you like carrots ? # 
","i do not like carrots .#i do not like carrots either .#i do not like carrots either . .
"
"i am very athletic . # i wear contacts . # i have brown hair . # i love bicycling . # i hate carrots . CC  SS hi ! i work as a gourmet cook . # i do not like carrots . i throw them away . # really . but , i can sing pitch perfect . # i also cook , and i ride my bike to work . # great ! i had won an award for spelling bee . # my contacts can see through what you are trying to sell me . # okay but i was published in new yorker once # you better not make any spelling mistakes . # i have not . i can cook any word you want me to # what is your ethnicity ? i am white , and my hair is brown . # i am asian and have no hair . # i love hairless asians . do you like carrots ? # i love carrots . i eat carrots like a horse . # 
","i love carrots . do you have any pets ?#i love carrots . do you like horses ?#i love carrots . do you have any hobbies ?
"
"as a child , i won a national spelling bee . # i have been published in the new yorker magazine . # i am a gourmet cook . # i have perfect pitch . CC  SS hi ! i work as a gourmet cook . # i do not like carrots . i throw them away . # really . but , i can sing pitch perfect . # i also cook , and i ride my bike to work . # great ! i had won an award for spelling bee . # my contacts can see through what you are trying to sell me . # okay but i was published in new yorker once # you better not make any spelling mistakes . # i have not . i can cook any word you want me to # what is your ethnicity ? i am white , and my hair is brown . # i am asian and have no hair . # i love hairless asians . do you like carrots ? # i love carrots . i eat carrots like a horse . # are you male or female ? # 
","i am male .#i am a male and female .#i am a man .
"
"i am very athletic . # i wear contacts . # i have brown hair . # i love bicycling . # i hate carrots . CC  SS hi ! i work as a gourmet cook . # i do not like carrots . i throw them away . # really . but , i can sing pitch perfect . # i also cook , and i ride my bike to work . # great ! i had won an award for spelling bee . # my contacts can see through what you are trying to sell me . # okay but i was published in new yorker once # you better not make any spelling mistakes . # i have not . i can cook any word you want me to # what is your ethnicity ? i am white , and my hair is brown . # i am asian and have no hair . # i love hairless asians . do you like carrots ? # i love carrots . i eat carrots like a horse . # are you male or female ? # i work as a gourmet cook who also has a pitch perfect voice . # 
","i am a woman .#i am a man .#i am a male .
"
"my mom is my best friend . # i have four sisters . # i believe that mermaids are real . # i love iced tea . CC  SS 
","hi , how are you today ?#hi , how are you doing ?#hi , how are you tonight ?
"
"i got married last year . # i live on a boat . # my hair is colored purple . # i have my own salon . # i am a hair stylist . CC  SS hello , how are you doing ? # 
","i am doing well .#i am good .#i am doing well . how about you ?
"
"my mom is my best friend . # i have four sisters . # i believe that mermaids are real . # i love iced tea . CC  SS hello , how are you doing ? # hi there , i am doing great thanks . where are you from ? # 
","i am from california .#i am from california . what about you ?#i am from california , you ?
"
"i got married last year . # i live on a boat . # my hair is colored purple . # i have my own salon . # i am a hair stylist . CC  SS hello , how are you doing ? # hi there , i am doing great thanks . where are you from ? # i am from socal , yourself ? # 
","i am from california .#i am from california , you ?#i am from california . i am from california .
"
"my mom is my best friend . # i have four sisters . # i believe that mermaids are real . # i love iced tea . CC  SS hello , how are you doing ? # hi there , i am doing great thanks . where are you from ? # i am from socal , yourself ? # seattle . i have a houseboat here . i like socal weather though # 
","i am from california .#i am from california , so i have a houseboat .#i am from california , you ?
"
"i got married last year . # i live on a boat . # my hair is colored purple . # i have my own salon . # i am a hair stylist . CC  SS hello , how are you doing ? # hi there , i am doing great thanks . where are you from ? # i am from socal , yourself ? # seattle . i have a houseboat here . i like socal weather though # that is awesome . the ocean is incredible ! i totally believe that mermaids are out in the sea # 
","i am sure they do .#i am sure they do . i have heard of them .#i am sure they do !
"
"my mom is my best friend . # i have four sisters . # i believe that mermaids are real . # i love iced tea . CC  SS hello , how are you doing ? # hi there , i am doing great thanks . where are you from ? # i am from socal , yourself ? # seattle . i have a houseboat here . i like socal weather though # that is awesome . the ocean is incredible ! i totally believe that mermaids are out in the sea # lol definitely ! i just dyed my hair mermaid purple from free samples at my salon # 
","that is awesome ! i have you done ?#that is awesome .#that is awesome !
"
"i got married last year . # i live on a boat . # my hair is colored purple . # i have my own salon . # i am a hair stylist . CC  SS hello , how are you doing ? # hi there , i am doing great thanks . where are you from ? # i am from socal , yourself ? # seattle . i have a houseboat here . i like socal weather though # that is awesome . the ocean is incredible ! i totally believe that mermaids are out in the sea # lol definitely ! i just dyed my hair mermaid purple from free samples at my salon # that is epic ! me and my four sisters would totally do the same thing ! ! # 
","i am sure you would .#i am sure you would !#i am sure you would ! i have four sisters .
"
"my mom is my best friend . # i have four sisters . # i believe that mermaids are real . # i love iced tea . CC  SS hello , how are you doing ? # hi there , i am doing great thanks . where are you from ? # i am from socal , yourself ? # seattle . i have a houseboat here . i like socal weather though # that is awesome . the ocean is incredible ! i totally believe that mermaids are out in the sea # lol definitely ! i just dyed my hair mermaid purple from free samples at my salon # that is epic ! me and my four sisters would totally do the same thing ! ! # oh yeah , i am a stylist here and i have lots of clients doing fantasy colors # 
","i am a stylist too .#i am a stylist too ! !#i am a stylist too !
"
"i got married last year . # i live on a boat . # my hair is colored purple . # i have my own salon . # i am a hair stylist . CC  SS hello , how are you doing ? # hi there , i am doing great thanks . where are you from ? # i am from socal , yourself ? # seattle . i have a houseboat here . i like socal weather though # that is awesome . the ocean is incredible ! i totally believe that mermaids are out in the sea # lol definitely ! i just dyed my hair mermaid purple from free samples at my salon # that is epic ! me and my four sisters would totally do the same thing ! ! # oh yeah , i am a stylist here and i have lots of clients doing fantasy colors # oh nice ! my mom went to beauty school too # 
","that is awesome ! my mom .#that is awesome . my husband is a beauty school .#that is awesome .
"
"my mom is my best friend . # i have four sisters . # i believe that mermaids are real . # i love iced tea . CC  SS hello , how are you doing ? # hi there , i am doing great thanks . where are you from ? # i am from socal , yourself ? # seattle . i have a houseboat here . i like socal weather though # that is awesome . the ocean is incredible ! i totally believe that mermaids are out in the sea # lol definitely ! i just dyed my hair mermaid purple from free samples at my salon # that is epic ! me and my four sisters would totally do the same thing ! ! # oh yeah , i am a stylist here and i have lots of clients doing fantasy colors # oh nice ! my mom went to beauty school too # oh awesome ! well you guys are all set ! are you married ? # 
","no , i am not married .#no , i am not married yet .#no , i am not married yet
"
"i got married last year . # i live on a boat . # my hair is colored purple . # i have my own salon . # i am a hair stylist . CC  SS hello , how are you doing ? # hi there , i am doing great thanks . where are you from ? # i am from socal , yourself ? # seattle . i have a houseboat here . i like socal weather though # that is awesome . the ocean is incredible ! i totally believe that mermaids are out in the sea # lol definitely ! i just dyed my hair mermaid purple from free samples at my salon # that is epic ! me and my four sisters would totally do the same thing ! ! # oh yeah , i am a stylist here and i have lots of clients doing fantasy colors # oh nice ! my mom went to beauty school too # oh awesome ! well you guys are all set ! are you married ? # she still braids my hair and we chit chat because she is literally my best friend # 
","i am so glad you have a best friend !#i am so glad you have a best friend ! !#i am so glad you have a best friend ! ! !
"
"my mom is my best friend . # i have four sisters . # i believe that mermaids are real . # i love iced tea . CC  SS hello , how are you doing ? # hi there , i am doing great thanks . where are you from ? # i am from socal , yourself ? # seattle . i have a houseboat here . i like socal weather though # that is awesome . the ocean is incredible ! i totally believe that mermaids are out in the sea # lol definitely ! i just dyed my hair mermaid purple from free samples at my salon # that is epic ! me and my four sisters would totally do the same thing ! ! # oh yeah , i am a stylist here and i have lots of clients doing fantasy colors # oh nice ! my mom went to beauty school too # oh awesome ! well you guys are all set ! are you married ? # she still braids my hair and we chit chat because she is literally my best friend # awww , that is precious . i feel the same way about my mom # 
","i am so happy for you !#i am so happy for her .#i am so happy for you .
"
"i got married last year . # i live on a boat . # my hair is colored purple . # i have my own salon . # i am a hair stylist . CC  SS hello , how are you doing ? # hi there , i am doing great thanks . where are you from ? # i am from socal , yourself ? # seattle . i have a houseboat here . i like socal weather though # that is awesome . the ocean is incredible ! i totally believe that mermaids are out in the sea # lol definitely ! i just dyed my hair mermaid purple from free samples at my salon # that is epic ! me and my four sisters would totally do the same thing ! ! # oh yeah , i am a stylist here and i have lots of clients doing fantasy colors # oh nice ! my mom went to beauty school too # oh awesome ! well you guys are all set ! are you married ? # she still braids my hair and we chit chat because she is literally my best friend # awww , that is precious . i feel the same way about my mom # that is such a great thing ! ! not married , single and trying to mingle haha . you ? # 
","i am single , and you ?#i am married .#i am single .
"
"my mom is my best friend . # i have four sisters . # i believe that mermaids are real . # i love iced tea . CC  SS hello , how are you doing ? # hi there , i am doing great thanks . where are you from ? # i am from socal , yourself ? # seattle . i have a houseboat here . i like socal weather though # that is awesome . the ocean is incredible ! i totally believe that mermaids are out in the sea # lol definitely ! i just dyed my hair mermaid purple from free samples at my salon # that is epic ! me and my four sisters would totally do the same thing ! ! # oh yeah , i am a stylist here and i have lots of clients doing fantasy colors # oh nice ! my mom went to beauty school too # oh awesome ! well you guys are all set ! are you married ? # she still braids my hair and we chit chat because she is literally my best friend # awww , that is precious . i feel the same way about my mom # that is such a great thing ! ! not married , single and trying to mingle haha . you ? # lol well i finally tied the knot last year . . thank god ! long wait # 
","i am so happy for you !#i am so happy for you ! !#i am so happy for you .
"
"i got married last year . # i live on a boat . # my hair is colored purple . # i have my own salon . # i am a hair stylist . CC  SS hello , how are you doing ? # hi there , i am doing great thanks . where are you from ? # i am from socal , yourself ? # seattle . i have a houseboat here . i like socal weather though # that is awesome . the ocean is incredible ! i totally believe that mermaids are out in the sea # lol definitely ! i just dyed my hair mermaid purple from free samples at my salon # that is epic ! me and my four sisters would totally do the same thing ! ! # oh yeah , i am a stylist here and i have lots of clients doing fantasy colors # oh nice ! my mom went to beauty school too # oh awesome ! well you guys are all set ! are you married ? # she still braids my hair and we chit chat because she is literally my best friend # awww , that is precious . i feel the same way about my mom # that is such a great thing ! ! not married , single and trying to mingle haha . you ? # lol well i finally tied the knot last year . . thank god ! long wait # i am craving some iced tea right now haha . even though its a bit chilly out # 
","i am craving some iced tea !#i am craving some iced tea too !#i am craving some iced tea too .
"
"my parents died in a plane crash . # i live alone with my dog . # my hobby creating houses out of matches . # i have an iq of 250 . CC  SS 
","hi , how are you doing ?#hi , how are you today ?#hi , how are you tonight ?
"
"pudding makes me gassy . # ke ha is my favorite singer of all time . # i have a friend named james who secretly rules the world . # i have never done drugs because i do not know where to buy them . # i love living in texas . CC  SS how is you night going so far ? # 
","i am good . how are you ?#i am good thanks .#i am good . how about to eat some pudding .
"
"my parents died in a plane crash . # i live alone with my dog . # my hobby creating houses out of matches . # i have an iq of 250 . CC  SS how is you night going so far ? # hi , i live in houston tx ; its flooded right now , but makes me think of the ocean . # 
","i am sorry to hear that .#i am sorry to hear that . do you have any pets ?#i am sorry to hear that . do you have a dog ?
"
"pudding makes me gassy . # ke ha is my favorite singer of all time . # i have a friend named james who secretly rules the world . # i have never done drugs because i do not know where to buy them . # i love living in texas . CC  SS how is you night going so far ? # hi , i live in houston tx ; its flooded right now , but makes me think of the ocean . # hope things dry up for quickly , i am just sitting with my dog # 
","i am glad you have a dog .#i am glad you have a dog , i have a dog .#i am glad you have a dog , i have a cat .
"
"my parents died in a plane crash . # i live alone with my dog . # my hobby creating houses out of matches . # i have an iq of 250 . CC  SS how is you night going so far ? # hi , i live in houston tx ; its flooded right now , but makes me think of the ocean . # hope things dry up for quickly , i am just sitting with my dog # music ? my fav singer of forever is ke ha , like wow . # 
","i like to listen to the most .#i like to listen to music .#i like to listen to the most
"
"pudding makes me gassy . # ke ha is my favorite singer of all time . # i have a friend named james who secretly rules the world . # i have never done drugs because i do not know where to buy them . # i love living in texas . CC  SS how is you night going so far ? # hi , i live in houston tx ; its flooded right now , but makes me think of the ocean . # hope things dry up for quickly , i am just sitting with my dog # music ? my fav singer of forever is ke ha , like wow . # do not follow music much , but hope things are getting better for her # 
","i am sorry to hear that .#i am sorry to hear that , i hope she does .#i am sorry to hear that , i hope she does ?
"
"my parents died in a plane crash . # i live alone with my dog . # my hobby creating houses out of matches . # i have an iq of 250 . CC  SS how is you night going so far ? # hi , i live in houston tx ; its flooded right now , but makes me think of the ocean . # hope things dry up for quickly , i am just sitting with my dog # music ? my fav singer of forever is ke ha , like wow . # do not follow music much , but hope things are getting better for her # my friend james rules the world in secret and feeds me pudding . # 
","that is cool , i have never heard of it .#that is cool , i have never heard of it#that is cool .
"
"pudding makes me gassy . # ke ha is my favorite singer of all time . # i have a friend named james who secretly rules the world . # i have never done drugs because i do not know where to buy them . # i love living in texas . CC  SS how is you night going so far ? # hi , i live in houston tx ; its flooded right now , but makes me think of the ocean . # hope things dry up for quickly , i am just sitting with my dog # music ? my fav singer of forever is ke ha , like wow . # do not follow music much , but hope things are getting better for her # my friend james rules the world in secret and feeds me pudding . # anyone who feeds people pudding should rule the world # 
","i am sure you are a great at it .#i am sure you are a genius .#i am sure you will .
"
"my parents died in a plane crash . # i live alone with my dog . # my hobby creating houses out of matches . # i have an iq of 250 . CC  SS how is you night going so far ? # hi , i live in houston tx ; its flooded right now , but makes me think of the ocean . # hope things dry up for quickly , i am just sitting with my dog # music ? my fav singer of forever is ke ha , like wow . # do not follow music much , but hope things are getting better for her # my friend james rules the world in secret and feeds me pudding . # anyone who feeds people pudding should rule the world # gas , gas and more gas not gasoline happens when i eat pudding . # 
","i am sure it does .#i am sure it does , but i do not like gas#i am sure it does
"
"pudding makes me gassy . # ke ha is my favorite singer of all time . # i have a friend named james who secretly rules the world . # i have never done drugs because i do not know where to buy them . # i love living in texas . CC  SS how is you night going so far ? # hi , i live in houston tx ; its flooded right now , but makes me think of the ocean . # hope things dry up for quickly , i am just sitting with my dog # music ? my fav singer of forever is ke ha , like wow . # do not follow music much , but hope things are getting better for her # my friend james rules the world in secret and feeds me pudding . # anyone who feeds people pudding should rule the world # gas , gas and more gas not gasoline happens when i eat pudding . # well if the pudding tastes good and james can handle you . . . . # 
","i am sure he will .#i am sure he can .#i am sure he will . i am sure he can .
"
"my parents died in a plane crash . # i live alone with my dog . # my hobby creating houses out of matches . # i have an iq of 250 . CC  SS how is you night going so far ? # hi , i live in houston tx ; its flooded right now , but makes me think of the ocean . # hope things dry up for quickly , i am just sitting with my dog # music ? my fav singer of forever is ke ha , like wow . # do not follow music much , but hope things are getting better for her # my friend james rules the world in secret and feeds me pudding . # anyone who feeds people pudding should rule the world # gas , gas and more gas not gasoline happens when i eat pudding . # well if the pudding tastes good and james can handle you . . . . # i want to try drugs , but i do not know where to buy them , do you ? # 
","i do not know where to buy them .#i do not know where to buy them . . . . .#i do not know where to buy them
"
"pudding makes me gassy . # ke ha is my favorite singer of all time . # i have a friend named james who secretly rules the world . # i have never done drugs because i do not know where to buy them . # i love living in texas . CC  SS how is you night going so far ? # hi , i live in houston tx ; its flooded right now , but makes me think of the ocean . # hope things dry up for quickly , i am just sitting with my dog # music ? my fav singer of forever is ke ha , like wow . # do not follow music much , but hope things are getting better for her # my friend james rules the world in secret and feeds me pudding . # anyone who feeds people pudding should rule the world # gas , gas and more gas not gasoline happens when i eat pudding . # well if the pudding tastes good and james can handle you . . . . # i want to try drugs , but i do not know where to buy them , do you ? # no , i have no clue , pretty strict laws where i live # 
","i am sorry to hear that .#i am sorry to hear that . do you have any siblings ?#i am sorry to hear that . do you have a job ?
"
"i work at a real estate office . # my favorite flower is a daisy . # i am dating my boss . # i love to sing . CC  SS 
","hi , how are you today ?#hi , how are you doing today ?#hi , how are you doing ?
"
"my favorite food is spaghetti and meatballs . # i was raised by two mothers . # i am not afraid of what others think . # my boyfriend works for nasa . # i can be quite forgetful . CC  SS hi , how are you today ? # 
","i am doing well .#i am doing well . how are you ?#i am good .
"
"i work at a real estate office . # my favorite flower is a daisy . # i am dating my boss . # i love to sing . CC  SS hi , how are you today ? # hi , i am doing good . just enjoying my favorite food , spaghetti and meatballs # 
","i love spaghetti and meatballs .#i love spaghetti and meatballs !#i love spaghetti and meatballs . i love spaghetti and meatballs .
"
"my favorite food is spaghetti and meatballs . # i was raised by two mothers . # i am not afraid of what others think . # my boyfriend works for nasa . # i can be quite forgetful . CC  SS hi , how are you today ? # hi , i am doing good . just enjoying my favorite food , spaghetti and meatballs # yum , that sounds delicious ! did you cook it yourself ? # 
","no , i did not cook it myself .#no , i did not cook it .#no , i did not .
"
"i work at a real estate office . # my favorite flower is a daisy . # i am dating my boss . # i love to sing . CC  SS hi , how are you today ? # hi , i am doing good . just enjoying my favorite food , spaghetti and meatballs # yum , that sounds delicious ! did you cook it yourself ? # yes i did . one of my mothers taught me how ! she is a great cook # 
","that is great . do you have any hobbies ?#that is great . do you sing ?#that is great . i love to sing .
"
"my favorite food is spaghetti and meatballs . # i was raised by two mothers . # i am not afraid of what others think . # my boyfriend works for nasa . # i can be quite forgetful . CC  SS hi , how are you today ? # hi , i am doing good . just enjoying my favorite food , spaghetti and meatballs # yum , that sounds delicious ! did you cook it yourself ? # yes i did . one of my mothers taught me how ! she is a great cook # that is great . i can sing , but cooking . . . not my specialty . # 
","i am not sure . i do not know .#i am not sure . i do not like .#i am not sure . i do not know
"
"i work at a real estate office . # my favorite flower is a daisy . # i am dating my boss . # i love to sing . CC  SS hi , how are you today ? # hi , i am doing good . just enjoying my favorite food , spaghetti and meatballs # yum , that sounds delicious ! did you cook it yourself ? # yes i did . one of my mothers taught me how ! she is a great cook # that is great . i can sing , but cooking . . . not my specialty . # thanks for not reacting negatively about me having 2 moms # 
","i have two moms . . . . . . . . .#i have two moms . . . . . . . .#i have two moms . . . . .
"
"my favorite food is spaghetti and meatballs . # i was raised by two mothers . # i am not afraid of what others think . # my boyfriend works for nasa . # i can be quite forgetful . CC  SS hi , how are you today ? # hi , i am doing good . just enjoying my favorite food , spaghetti and meatballs # yum , that sounds delicious ! did you cook it yourself ? # yes i did . one of my mothers taught me how ! she is a great cook # that is great . i can sing , but cooking . . . not my specialty . # thanks for not reacting negatively about me having 2 moms # no reason to . what do you do for work ? # 
","i am in a hospital .#i am a teacher .#i am in a hospital
"
"i work at a real estate office . # my favorite flower is a daisy . # i am dating my boss . # i love to sing . CC  SS hi , how are you today ? # hi , i am doing good . just enjoying my favorite food , spaghetti and meatballs # yum , that sounds delicious ! did you cook it yourself ? # yes i did . one of my mothers taught me how ! she is a great cook # that is great . i can sing , but cooking . . . not my specialty . # thanks for not reacting negatively about me having 2 moms # no reason to . what do you do for work ? # . . not that i care what others think . i do not work but my boyfriend works at nasa ! # 
","i am a real estate agent .#i am a real estate agent , so i do not care what others think .#i am a real estate agent , so i do not care what people think .
"
"my favorite food is spaghetti and meatballs . # i was raised by two mothers . # i am not afraid of what others think . # my boyfriend works for nasa . # i can be quite forgetful . CC  SS hi , how are you today ? # hi , i am doing good . just enjoying my favorite food , spaghetti and meatballs # yum , that sounds delicious ! did you cook it yourself ? # yes i did . one of my mothers taught me how ! she is a great cook # that is great . i can sing , but cooking . . . not my specialty . # thanks for not reacting negatively about me having 2 moms # no reason to . what do you do for work ? # . . not that i care what others think . i do not work but my boyfriend works at nasa ! # wow , that sounds like an awesome job ! does he like it ? # 
","yes , he does . he loves it .#yes , he does . he loves it !#yes , he does !
"
"i work at a real estate office . # my favorite flower is a daisy . # i am dating my boss . # i love to sing . CC  SS hi , how are you today ? # hi , i am doing good . just enjoying my favorite food , spaghetti and meatballs # yum , that sounds delicious ! did you cook it yourself ? # yes i did . one of my mothers taught me how ! she is a great cook # that is great . i can sing , but cooking . . . not my specialty . # thanks for not reacting negatively about me having 2 moms # no reason to . what do you do for work ? # . . not that i care what others think . i do not work but my boyfriend works at nasa ! # wow , that sounds like an awesome job ! does he like it ? # i do not remember haha . i am a bit forgetful like that # 
","i am sorry to hear that . what do you do for a living ?#i am sorry to hear that .#i am sorry to hear that !
"
"my favorite food is spaghetti and meatballs . # i was raised by two mothers . # i am not afraid of what others think . # my boyfriend works for nasa . # i can be quite forgetful . CC  SS hi , how are you today ? # hi , i am doing good . just enjoying my favorite food , spaghetti and meatballs # yum , that sounds delicious ! did you cook it yourself ? # yes i did . one of my mothers taught me how ! she is a great cook # that is great . i can sing , but cooking . . . not my specialty . # thanks for not reacting negatively about me having 2 moms # no reason to . what do you do for work ? # . . not that i care what others think . i do not work but my boyfriend works at nasa ! # wow , that sounds like an awesome job ! does he like it ? # i do not remember haha . i am a bit forgetful like that # no problem . well , it definitely sounds more interesting than my real estate office job . # 
","i am not sure what that sounds more interesting#i am not sure what that sounds more interesting .#i am not sure what that sounds like
"
"i work at a real estate office . # my favorite flower is a daisy . # i am dating my boss . # i love to sing . CC  SS hi , how are you today ? # hi , i am doing good . just enjoying my favorite food , spaghetti and meatballs # yum , that sounds delicious ! did you cook it yourself ? # yes i did . one of my mothers taught me how ! she is a great cook # that is great . i can sing , but cooking . . . not my specialty . # thanks for not reacting negatively about me having 2 moms # no reason to . what do you do for work ? # . . not that i care what others think . i do not work but my boyfriend works at nasa ! # wow , that sounds like an awesome job ! does he like it ? # i do not remember haha . i am a bit forgetful like that # no problem . well , it definitely sounds more interesting than my real estate office job . # i am sure he does like it . what else do you do ? # 
","i am a real estate agent .#i am a real estate agent . you ?#i am a real estate agent . . .
"
"my favorite food is spaghetti and meatballs . # i was raised by two mothers . # i am not afraid of what others think . # my boyfriend works for nasa . # i can be quite forgetful . CC  SS hi , how are you today ? # hi , i am doing good . just enjoying my favorite food , spaghetti and meatballs # yum , that sounds delicious ! did you cook it yourself ? # yes i did . one of my mothers taught me how ! she is a great cook # that is great . i can sing , but cooking . . . not my specialty . # thanks for not reacting negatively about me having 2 moms # no reason to . what do you do for work ? # . . not that i care what others think . i do not work but my boyfriend works at nasa ! # wow , that sounds like an awesome job ! does he like it ? # i do not remember haha . i am a bit forgetful like that # no problem . well , it definitely sounds more interesting than my real estate office job . # i am sure he does like it . what else do you do ? # not much . just work , hang out with my boyfriend , singing lessons . . . # 
","i am sure he does . what do you do for a living ?#i am sure he does . what do you do for fun ?#i am sure he does . what do you do for work ?
"
"i am in my last year of grad school . # i enjoy cooking italian food . # i am the worlds best aunt . # i love trips to the beach . # i am obsessed with my dog . CC  SS 
","i love dogs . i am obsessed with her .#i love dogs .#i love dogs . i have a dog .
"
"i love to hike . # i have visited 12 national parks in the us . # i live in vermont . # i am an environmental activist . CC  SS what are your favorite things # 
","i love to hike .#i love to hike . what about you ?#i love hiking .
"
"i am in my last year of grad school . # i enjoy cooking italian food . # i am the worlds best aunt . # i love trips to the beach . # i am obsessed with my dog . CC  SS what are your favorite things # hiking is my favorite thing to do . what about you ? # 
","i love hiking .#i love to hike .#i love to hike too .
"
"i love to hike . # i have visited 12 national parks in the us . # i live in vermont . # i am an environmental activist . CC  SS what are your favorite things # hiking is my favorite thing to do . what about you ? # i really love the beach and cooking italian food ! # 
","i love italian food . what do you do for a living ?#i love italian food too .#i love italian food .
"
"i am in my last year of grad school . # i enjoy cooking italian food . # i am the worlds best aunt . # i love trips to the beach . # i am obsessed with my dog . CC  SS what are your favorite things # hiking is my favorite thing to do . what about you ? # i really love the beach and cooking italian food ! # where do you live ? i am in vermont . # 
","i live in california . what do you do for a living ?#i am in california .#i live in california .
"
"i love to hike . # i have visited 12 national parks in the us . # i live in vermont . # i am an environmental activist . CC  SS what are your favorite things # hiking is my favorite thing to do . what about you ? # i really love the beach and cooking italian food ! # where do you live ? i am in vermont . # what do you do for a living ? i am in texas . # 
","i am an environmental activist .#i am an environmental activist . what do you do for a living ?#i am an environmental activist . what do you do for fun ?
"
"i am in my last year of grad school . # i enjoy cooking italian food . # i am the worlds best aunt . # i love trips to the beach . # i am obsessed with my dog . CC  SS what are your favorite things # hiking is my favorite thing to do . what about you ? # i really love the beach and cooking italian food ! # where do you live ? i am in vermont . # what do you do for a living ? i am in texas . # i work as an environmental activist . you ? # 
","i am in grad school .#i am in grad school in texas .#i am in grad school . what do you do ?
"
